name,url_pc
Altyk L14F-I5U16-N1,"https://www.ldlc.com/fiche/PB00686482.html"">"
Altyk L14F-I5U16-N1,"https://www.ldlc.com/fiche/PB00692205.html"">"
Altyk L14F-I7U16-N1,"https://www.ldlc.com/fiche/PB00654242.html"">"
Altyk L14F-I7U32-N2,"https://www.ldlc.com/fiche/PB00643995.html"">"
Altyk L14P-I5U16-N1,"https://www.ldlc.com/fiche/PB00686817.html"">"
Altyk L14P-I7U16-N1,"https://www.ldlc.com/fiche/PB00656397.html"">"
Altyk L14P-I7U32-N2,"https://www.ldlc.com/fiche/PB00643996.html"">"
Altyk L15P-I5P16-N1,"https://www.ldlc.com/fiche/PB00569063.html"">"
Altyk L16F-I5P16-N1,"https://www.ldlc.com/fiche/PB00690427.html"">"
Altyk L16F-I5P32-N2,"https://www.ldlc.com/fiche/PB00691018.html"">"
Altyk L16P-I5P16-N1,"https://www.ldlc.com/fiche/PB00690430.html"">"
Altyk L16P-I5P32-N2,"https://www.ldlc.com/fiche/PB00690431.html"">"
Altyk L16F-I3P16-N05,"https://www.ldlc.com/fiche/PB00690422.html"">"
Altyk L16P-I3P16-N05,"https://www.ldlc.com/fiche/PB00690429.html"">"
Acer Aspire 14 AI A14-52M-784U Copilot+ PC,"https://www.ldlc.com/fiche/PB00686783.html"">"
Acer Aspire 15 A15-51M-54E4,"https://www.ldlc.com/fiche/PB00627486.html"">"
Acer Aspire 16 A16-51GM-756Y,"https://www.ldlc.com/fiche/PB00627494.html"">"
Acer Aspire 16 A16-71M-55X8,"https://www.ldlc.com/fiche/PB00684936.html"">"
Acer Aspire 17 A17-51M-50E6,"https://www.ldlc.com/fiche/PB00685650.html"">"
Acer Aspire 17 A17-51M-71LP,"https://www.ldlc.com/fiche/PB00657740.html"">"
Acer Aspire 17 A17-51M-72TJ,"https://www.ldlc.com/fiche/PB00685649.html"">"
Acer Aspire 3 A317-54-7769,"https://www.ldlc.com/fiche/PB00675653.html"">"
Acer Aspire 3 A317-55P-38S5,"https://www.ldlc.com/fiche/PB00672701.html"">"
Acer Aspire 5 A515-57-76FE,"https://www.ldlc.com/fiche/PB00630317.html"">"
Acer Aspire Go 14 AG14-32P-34VD,"https://www.ldlc.com/fiche/PB00685642.html"">"
Acer Aspire Go 15 AG15-31P-35ZU,"https://www.ldlc.com/fiche/PB00629236.html"">"
Acer Aspire Go 15 AG15-32P-37F1,"https://www.ldlc.com/fiche/PB00685146.html"">"
Acer Aspire Go 15 AG15-71P-591B,"https://www.ldlc.com/fiche/PB00684939.html"">"
Acer Aspire Go 17 AG17-31P-35N2,"https://www.ldlc.com/fiche/PB00685147.html"">"
Acer Extensa EX215-57-58E7,"https://www.ldlc.com/fiche/PB00677447.html"">"
Acer Nitro V 15 ANV15-52-91DU,"https://www.ldlc.com/fiche/PB00691626.html"">"
Acer Predator Helios 18 AI PH18-73-91FQ,"https://www.ldlc.com/fiche/PB00691458.html"">"
Acer Predator Helios Neo 16 PHN16-73-93T4,"https://www.ldlc.com/fiche/PB00691620.html"">"
Acer Swift 14 IA SF14-51-577B Copilot+ PC,"https://www.ldlc.com/fiche/PB00660520.html"">"
Acer Swift X 16 SFX16-51G-58GV,"https://www.ldlc.com/fiche/PB00537001.html"">"
Acer TravelMate P2 16 TMP216-51-TCO-346K,"https://www.ldlc.com/fiche/PB00608953.html"">"
Acer TravelMate P4 P414-41-R1GB,"https://www.ldlc.com/fiche/PB00591267.html"">"
AORUS 16X 9KG-43FRC54SH,"https://www.ldlc.com/fiche/PB00623222.html"">"
AORUS 16X ASG-53FRC54SH,"https://www.ldlc.com/fiche/PB00612912.html"">"
AORUS 16X ASG-63FRC65SH,"https://www.ldlc.com/fiche/PB00591624.html"">"
ASUS 15X PRO1504-BQ1004X,"https://www.ldlc.com/fiche/PB00663226.html"">"
ASUS 17 P1704VA-AU489X,"https://www.ldlc.com/fiche/PB00658009.html"">"
ASUS 17 P1704VA-AU768X,"https://www.ldlc.com/fiche/PB00686939.html"">"
ASUS 17 P1704VA-AU769X,"https://www.ldlc.com/fiche/PB00686944.html"">"
ASUS ExpertBook B1 B1403CVA-S61634X,"https://www.ldlc.com/fiche/PB00675832.html"">"
ASUS ExpertBook B1 B1403CVA-S61635X,"https://www.ldlc.com/fiche/PB00672595.html"">"
ASUS ExpertBook B1 B1403CVA-S61636X,"https://www.ldlc.com/fiche/PB00672596.html"">"
ASUS ExpertBook B1 B1403CVA-S61637X,"https://www.ldlc.com/fiche/PB00672600.html"">"
ASUS ExpertBook B1 B1502CVA-BQ0187X,"https://www.ldlc.com/fiche/PB00581786.html"">"
ASUS ExpertBook B1 B1502CVA-BQ0188X,"https://www.ldlc.com/fiche/PB00581496.html"">"
ASUS ExpertBook B1 B1503CVA-S71410X,"https://www.ldlc.com/fiche/PB00672611.html"">"
ASUS ExpertBook B1 B1503CVA-S71411X,"https://www.ldlc.com/fiche/PB00672605.html"">"
ASUS ExpertBook B1 B1503CVA-S71412X,"https://www.ldlc.com/fiche/PB00672606.html"">"
ASUS ExpertBook B3 Flip B3402FVA-EC0164X,"https://www.ldlc.com/fiche/PB00690414.html"">"
ASUS ExpertBook B5 B5404CMA-Q70060X,"https://www.ldlc.com/fiche/PB00613627.html"">"
ASUS ExpertBook B5 B5404CMA-Q70062X,"https://www.ldlc.com/fiche/PB00613628.html"">"
ASUS ExpertBook B5 B5604CMA-QW0034X,"https://www.ldlc.com/fiche/PB00609916.html"">"
ASUS ExpertBook B5 B5604CMA-QW0035X,"https://www.ldlc.com/fiche/PB00609893.html"">"
ASUS ExpertBook B9 OLED B9403CVAR-KM0793X,"https://www.ldlc.com/fiche/PB00616552.html"">"
ASUS ExpertBook P1 P1403CVA-S60636X,"https://www.ldlc.com/fiche/PB00683694.html"">"
ASUS ExpertBook P1 P1403CVA-S60637X,"https://www.ldlc.com/fiche/PB00683693.html"">"
ASUS ExpertBook P1 P1403CVA-S60809X,"https://www.ldlc.com/fiche/PB00675834.html"">"
ASUS ExpertBook P1 P1503CVA-S70687X,"https://www.ldlc.com/fiche/PB00661896.html"">"
ASUS ExpertBook P1 P1503CVA-S70688X,"https://www.ldlc.com/fiche/PB00666450.html"">"
ASUS ExpertBook P1 P1503CVA-S70854X,"https://www.ldlc.com/fiche/PB00662411.html"">"
ASUS ExpertBook P3 P3405CVA-LY0040X,"https://www.ldlc.com/fiche/PB00683705.html"">"
ASUS ExpertBook P3 P3405CVA-LY0041X,"https://www.ldlc.com/fiche/PB00683707.html"">"
ASUS ExpertBook P3 P3405CVA-LY0258X,"https://www.ldlc.com/fiche/PB00691201.html"">"
ASUS ExpertBook P3 P3605CVA-MB0018X,"https://www.ldlc.com/fiche/PB00683709.html"">"
ASUS ExpertBook P5 Copilot+ PC P5405CSA-NZ0038X,"https://www.ldlc.com/fiche/PB00644143.html"">"
ASUS ExpertBook P5 Copilot+ PC P5405CSA-NZ0039X,"https://www.ldlc.com/fiche/PB00644145.html"">"
ASUS FX3607VU-RP297W,"https://www.ldlc.com/fiche/PB00664307.html"">"
ASUS M1807HA-S8076X,"https://www.ldlc.com/fiche/PB00673961.html"">"
ASUS M5406WA-PP068X OLED,"https://www.ldlc.com/fiche/PB00686910.html"">"
ASUS M5406WA-PP180X OLED,"https://www.ldlc.com/fiche/PB00658465.html"">"
ASUS OLED P1505VA-L1755X,"https://www.ldlc.com/fiche/PB00673729.html"">"
ASUS OLED P1505VA-L1783X,"https://www.ldlc.com/fiche/PB00658007.html"">"
ASUS P1504FA-NJ1544X,"https://www.ldlc.com/fiche/PB00673730.html"">"
ASUS P1704VA-AU416X,"https://www.ldlc.com/fiche/PB00627237.html"">"
ASUS P1704VA-AU816X,"https://www.ldlc.com/fiche/PB00686938.html"">"
ASUS PRO1504-BQ1006X,"https://www.ldlc.com/fiche/PB00629933.html"">"
ASUS ProArt P16 OLED H7606WI-ME083X,"https://www.ldlc.com/fiche/PB00644152.html"">"
ASUS ProArt P16 OLED H7606WP-SC119W,"https://www.ldlc.com/fiche/PB00686968.html"">"
ASUS ProArt P16 OLED H7606WP-SC121X,"https://www.ldlc.com/fiche/PB00691027.html"">"
ASUS ProArt P16 OLED H7606WP-SC142W,"https://www.ldlc.com/fiche/PB00691198.html"">"
ASUS ProArt P16 OLED H7606WV-ME033X,"https://www.ldlc.com/fiche/PB00644150.html"">"
ASUS ProArt PX13 OLED HN7306WU-LX001X,"https://www.ldlc.com/fiche/PB00657727.html"">"
ASUS ProArt PX13 OLED HN7306WU-LX012W,"https://www.ldlc.com/fiche/PB00651676.html"">"
ASUS ProArt PX13 OLED HN7306WV-LX002X,"https://www.ldlc.com/fiche/PB00645307.html"">"
ASUS ProArt PZ13 Copilot+ PC HT5306QA-LX006X,"https://www.ldlc.com/fiche/PB00644215.html"">"
ASUS ROG Flow Z13 GZ301VF-M002P0,"https://www.ldlc.com/fiche/PB00690976.html"">"
ASUS ROG Flow Z13 GZ302EA-RU004W,"https://www.ldlc.com/fiche/PB00666801.html"">"
ASUS ROG STRIX G16 G614PM-RV066W,"https://www.ldlc.com/fiche/PB00691197.html"">"
ASUS ROG STRIX G16 G614PR-RV076W,"https://www.ldlc.com/fiche/PB00674789.html"">"
ASUS ROG STRIX G16 G615JMR-S5126W,"https://www.ldlc.com/fiche/PB00686970.html"">"
ASUS ROG STRIX G16 G615LM-DR5116W,"https://www.ldlc.com/fiche/PB00692511.html"">"
ASUS ROG STRIX G16 G615LP-DR5085W,"https://www.ldlc.com/fiche/PB00686909.html"">"
ASUS ROG STRIX G16 G615LP-S5087W,"https://www.ldlc.com/fiche/PB00683697.html"">"
ASUS ROG STRIX G16 G615LR-S5006W,"https://www.ldlc.com/fiche/PB00695239.html"">"
ASUS ROG STRIX G16 G615LR-S5091W,"https://www.ldlc.com/fiche/PB00678206.html"">"
ASUS ROG STRIX G16 G615LW-S5056W,"https://www.ldlc.com/fiche/PB00669453.html"">"
ASUS ROG STRIX G18 G814FP-S9035W,"https://www.ldlc.com/fiche/PB00686181.html"">"
ASUS ROG STRIX G18 G815LM-S8086W,"https://www.ldlc.com/fiche/PB00686947.html"">"
ASUS ROG STRIX G18 G815LP-S9058W,"https://www.ldlc.com/fiche/PB00685674.html"">"
ASUS ROG STRIX G18 G815LR-DRS9066W,"https://www.ldlc.com/fiche/PB00686559.html"">"
ASUS ROG STRIX G18 G815LR-S9067W,"https://www.ldlc.com/fiche/PB00674402.html"">"
ASUS ROG STRIX G18 G815LR-S9204X,"https://www.ldlc.com/fiche/PB00686934.html"">"
ASUS ROG STRIX G18 G815LW-DRS9056W,"https://www.ldlc.com/fiche/PB00684472.html"">"
ASUS ROG STRIX G18 G815LW-S9057W,"https://www.ldlc.com/fiche/PB00669237.html"">"
ASUS ROG STRIX SCAR 16 G635LR-RW060W,"https://www.ldlc.com/fiche/PB00674401.html"">"
ASUS ROG STRIX SCAR 16 G635LW-RW075W,"https://www.ldlc.com/fiche/PB00669452.html"">"
ASUS ROG STRIX SCAR 16 G635LX-RW159W,"https://www.ldlc.com/fiche/PB00685451.html"">"
ASUS ROG STRIX SCAR 18 G835LR-SA052W,"https://www.ldlc.com/fiche/PB00674403.html"">"
ASUS ROG STRIX SCAR 18 G835LW-DRSA137W,"https://www.ldlc.com/fiche/PB00690257.html"">"
ASUS ROG STRIX SCAR 18 G835LW-SA140W,"https://www.ldlc.com/fiche/PB00696168.html"">"
ASUS ROG STRIX SCAR 18 G835LW-SA151W,"https://www.ldlc.com/fiche/PB00691190.html"">"
ASUS ROG STRIX SCAR 18 G835LX-DRSA082W,"https://www.ldlc.com/fiche/PB00684442.html"">"
ASUS ROG STRIX SCAR 18 G835LX-SA083W,"https://www.ldlc.com/fiche/PB00669228.html"">"
ASUS ROG Zephyrus G14 GA403WR-DR4W,"https://www.ldlc.com/fiche/PB00683704.html"">"
ASUS ROG Zephyrus G16 GU605CP-QR079X,"https://www.ldlc.com/fiche/PB00695242.html"">"
ASUS ROG Zephyrus G16 GU605CR-DR7W,"https://www.ldlc.com/fiche/PB00692510.html"">"
ASUS ROG Zephyrus G16 GU605MU-Q64W,"https://www.ldlc.com/fiche/PB00621976.html"">"
ASUS TUF A15 TUF506NC-HN029W,"https://www.ldlc.com/fiche/PB00591745.html"">"
ASUS TUF A15 TUF506NCR-HN020W,"https://www.ldlc.com/fiche/PB00648110.html"">"
ASUS TUF Gaming A16 608UH-RV053W,"https://www.ldlc.com/fiche/PB00686972.html"">"
ASUS TUF Gaming A16 608UM-QT063W,"https://www.ldlc.com/fiche/PB00684333.html"">"
ASUS TUF Gaming A17 FA706NF-HX020W,"https://www.ldlc.com/fiche/PB00663233.html"">"
ASUS TUF Gaming F16 608JH-RV086X,"https://www.ldlc.com/fiche/PB00691011.html"">"
ASUS TUF Gaming F16 608JMR-QT084X,"https://www.ldlc.com/fiche/PB00691010.html"">"
ASUS TUF Gaming F17 TUF707VV-HX236W,"https://www.ldlc.com/fiche/PB00662160.html"">"
ASUS V16 V3607VH-RP039X,"https://www.ldlc.com/fiche/PB00691003.html"">"
ASUS VivoBook 14 E1404FA-EB677W,"https://www.ldlc.com/fiche/PB00691199.html"">"
ASUS Vivobook 14 E410KA-EB1077W avec NumPad,"https://www.ldlc.com/fiche/PB00691363.html"">"
ASUS Vivobook 14 E410KA-EK709W avec NumPad,"https://www.ldlc.com/fiche/PB00662194.html"">"
ASUS Vivobook 14 E410KAB-EB982W avec NumPad,"https://www.ldlc.com/fiche/PB00691282.html"">"
ASUS VivoBook 14 Flip OLED TP3407SA-QL006W Copilot+ PC,"https://www.ldlc.com/fiche/PB00683079.html"">"
ASUS VivoBook 14 Flip OLED TP3407SA-QL008W Copilot+ PC,"https://www.ldlc.com/fiche/PB00683074.html"">"
ASUS VivoBook 14 PRO1404-AM458X,"https://www.ldlc.com/fiche/PB00624400.html"">"
ASUS VivoBook 14 S1404FA-NK420W,"https://www.ldlc.com/fiche/PB00592884.html"">"
ASUS VivoBook 14 S1404VA-NK002W,"https://www.ldlc.com/fiche/PB00660874.html"">"
ASUS VivoBook 14 S1404VA-NK777W,"https://www.ldlc.com/fiche/PB00663762.html"">"
ASUS Vivobook 14 S1405VA-LY485W,"https://www.ldlc.com/fiche/PB00669543.html"">"
ASUS Vivobook 14 S1405YA-LY008W,"https://www.ldlc.com/fiche/PB00629968.html"">"
ASUS Vivobook 14 S1407KA-LY054W Copilot+ PC,"https://www.ldlc.com/fiche/PB00664279.html"">"
ASUS Vivobook 14 S1407QA Copilot+ PC,"https://www.ldlc.com/fiche/PB00681300.html"">"
ASUS Vivobook 14 S1407QA-LY043W Copilot+ PC,"https://www.ldlc.com/fiche/PB00669546.html"">"
ASUS VivoBook 14 X1404VA-EB1145W,"https://www.ldlc.com/fiche/PB00689656.html"">"
ASUS VivoBook 14 X1404VA-NK284W,"https://www.ldlc.com/fiche/PB00629966.html"">"
ASUS Vivobook 14 X1405VA-LY351W,"https://www.ldlc.com/fiche/PB00640090.html"">"
ASUS VivoBook 14X F1404GA-NK242X,"https://www.ldlc.com/fiche/PB00592645.html"">"
ASUS Vivobook 15 OLED S1505VA-L1535W,"https://www.ldlc.com/fiche/PB00670163.html"">"
ASUS Vivobook 15 OLED S1505VA-L1787W,"https://www.ldlc.com/fiche/PB00665611.html"">"
ASUS Vivobook 15 OLED X1505VA-MA568X,"https://www.ldlc.com/fiche/PB00633519.html"">"
ASUS VivoBook 15 R1502QA-EJ140,"https://www.ldlc.com/fiche/PB00683097.html"">"
ASUS Vivobook 15 S1504VA-NJ1638W,"https://www.ldlc.com/fiche/PB00665894.html"">"
ASUS Vivobook 15 S1504VA-NJ2342,"https://www.ldlc.com/fiche/PB00660890.html"">"
ASUS Vivobook 15 S1504VA-NJ2346,"https://www.ldlc.com/fiche/PB00660895.html"">"
ASUS Vivobook 15 X1504VA-BQ2875W,"https://www.ldlc.com/fiche/PB00684337.html"">"
ASUS Vivobook 15 X1504VA-NJ2701W,"https://www.ldlc.com/fiche/PB00688581.html"">"
ASUS VivoBook 16 Flip OLED TP3607SA-RJ080W Copilot+ PC,"https://www.ldlc.com/fiche/PB00684947.html"">"
ASUS Vivobook 16 M1607KA-MB068W Copilot+ PC,"https://www.ldlc.com/fiche/PB00686565.html"">"
ASUS Vivobook 16 S1605VA-MB158W,"https://www.ldlc.com/fiche/PB00569018.html"">"
ASUS Vivobook 16 S1605VA-MB1736W,"https://www.ldlc.com/fiche/PB00661438.html"">"
ASUS Vivobook 16 S1605VA-MB574W,"https://www.ldlc.com/fiche/PB00590419.html"">"
ASUS Vivobook 16 S1607KA-MB058W Copilot+ PC,"https://www.ldlc.com/fiche/PB00665915.html"">"
ASUS Vivobook 16 S1607QA-MB085W Copilot+ PC,"https://www.ldlc.com/fiche/PB00669598.html"">"
ASUS Vivobook 16X H3605ZF-MB374X,"https://www.ldlc.com/fiche/PB00594969.html"">"
ASUS Vivobook 17 S1704ZA-BX633W,"https://www.ldlc.com/fiche/PB00653085.html"">"
ASUS Vivobook 17 X1704VA-AU674W,"https://www.ldlc.com/fiche/PB00685098.html"">"
ASUS Vivobook 17 X1704VA-AU750W,"https://www.ldlc.com/fiche/PB00685635.html"">"
ASUS Vivobook 17 X1704VA-AU808W,"https://www.ldlc.com/fiche/PB00685096.html"">"
ASUS Vivobook 18 M1807HA-S8116W,"https://www.ldlc.com/fiche/PB00674396.html"">"
ASUS VivoBook Go 14 E1404GA-NK383W,"https://www.ldlc.com/fiche/PB00691200.html"">"
ASUS Vivobook Go 15 S1504GA-NJ875W,"https://www.ldlc.com/fiche/PB00669594.html"">"
ASUS Vivobook Pro 15 OLED N6506CU-MA001X,"https://www.ldlc.com/fiche/PB00690453.html"">"
ASUS Vivobook S 14 OLED M5406UA-QD093X,"https://www.ldlc.com/fiche/PB00623260.html"">"
ASUS Vivobook S 14 OLED S5406KA-QD037W,"https://www.ldlc.com/fiche/PB00684932.html"">"
ASUS Vivobook S 14 OLED S5406KA-QD109W,"https://www.ldlc.com/fiche/PB00665606.html"">"
ASUS Vivobook S 14 OLED S5406MA-QD020W,"https://www.ldlc.com/fiche/PB00607971.html"">"
ASUS Vivobook S 14 OLED S5406NA-QD082W,"https://www.ldlc.com/fiche/PB00665600.html"">"
ASUS Vivobook S 14 OLED S5406SA-PP021X,"https://www.ldlc.com/fiche/PB00657954.html"">"
ASUS Vivobook S 14 OLED S5406SA-QD004W,"https://www.ldlc.com/fiche/PB00669592.html"">"
ASUS Vivobook S 14 OLED S5406UA-PP003W,"https://www.ldlc.com/fiche/PB00629965.html"">"
ASUS Vivobook S 15 OLED Copilot+ PC S5507QA-MA006W,"https://www.ldlc.com/fiche/PB00665610.html"">"
ASUS Vivobook S 15 OLED Copilot+ PC S5507QA-MA007W,"https://www.ldlc.com/fiche/PB00614704.html"">"
ASUS Vivobook S 15 OLED Copilot+ PC S5507QA-MA049W,"https://www.ldlc.com/fiche/PB00614701.html"">"
ASUS Vivobook S 15 OLED Copilot+ PC S5507QA-MA141W,"https://www.ldlc.com/fiche/PB00663755.html"">"
ASUS Vivobook S 15 OLED S5506WA-MA008W,"https://www.ldlc.com/fiche/PB00629136.html"">"
ASUS Vivobook S14 S3407CA-LY048W,"https://www.ldlc.com/fiche/PB00689117.html"">"
ASUS Vivobook S16 OLED M5606KA-RI046W,"https://www.ldlc.com/fiche/PB00689640.html"">"
ASUS Vivobook S16 OLED M5606WA-MX022X,"https://www.ldlc.com/fiche/PB00630266.html"">"
ASUS Vivobook S16 OLED S5606CA-RI047W,"https://www.ldlc.com/fiche/PB00661350.html"">"
ASUS Vivobook S16 OLED S5606CA-RI048X,"https://www.ldlc.com/fiche/PB00657944.html"">"
ASUS Vivobook S16 OLED S5606KA-RI143W,"https://www.ldlc.com/fiche/PB00670164.html"">"
ASUS Vivobook S16 OLED S5606WA-MX116W,"https://www.ldlc.com/fiche/PB00665641.html"">"
ASUS Zenbook 14 OLED UM3406HA-QD048W,"https://www.ldlc.com/fiche/PB00627254.html"">"
ASUS Zenbook 14 OLED UM3406HA-QD133W,"https://www.ldlc.com/fiche/PB00627264.html"">"
ASUS Zenbook 14 OLED UM3406KA-PP100W,"https://www.ldlc.com/fiche/PB00665609.html"">"
ASUS Zenbook 14 OLED UM3406KA-QD016W,"https://www.ldlc.com/fiche/PB00663760.html"">"
ASUS Zenbook 14 OLED UM3406KA-QD125X,"https://www.ldlc.com/fiche/PB00676879.html"">"
ASUS Zenbook 14 OLED UX3405CA-PZ006W,"https://www.ldlc.com/fiche/PB00655285.html"">"
ASUS Zenbook 14 UM3402YA-KP757W avec NumPad,"https://www.ldlc.com/fiche/PB00640225.html"">"
ASUS Zenbook A14 UX3407RA-QD011W Copilot+ PC,"https://www.ldlc.com/fiche/PB00662219.html"">"
ASUS ZenBook DUO UX8406CA-PZ172X,"https://www.ldlc.com/fiche/PB00657948.html"">"
ASUS ZenBook DUO UX8406CA-PZ246W,"https://www.ldlc.com/fiche/PB00686557.html"">"
ASUS Zenbook DUO UX8406MA-PZ193W,"https://www.ldlc.com/fiche/PB00591753.html"">"
ASUS Zenbook Duo UX8406MA-QL032W,"https://www.ldlc.com/fiche/PB00591748.html"">"
ASUS ZenBook Pro 14 Duo BX8402VU-P1100X,"https://www.ldlc.com/fiche/PB00627236.html"">"
ASUS ZenBook Pro 14 Duo BX8402VU-P1103X,"https://www.ldlc.com/fiche/PB00610687.html"">"
ASUS Zenbook Pro 14 OLED BX6404VV-P4106X,"https://www.ldlc.com/fiche/PB00592903.html"">"
ASUS Zenbook S 13 OLED BX5304MA-NQ125X,"https://www.ldlc.com/fiche/PB00592995.html"">"
ASUS Zenbook S 13 OLED UM5302LA-LV040W,"https://www.ldlc.com/fiche/PB00561771.html"">"
ASUS Zenbook S 13 OLED UM5302LA-LX118X,"https://www.ldlc.com/fiche/PB00690260.html"">"
ASUS Zenbook S 13 OLED UM5302TA-LX376W,"https://www.ldlc.com/fiche/PB00546927.html"">"
ASUS Zenbook S 14 OLED Copilot+ PC UX5406SA-PV043W,"https://www.ldlc.com/fiche/PB00644103.html"">"
ASUS Zenbook S 14 OLED Copilot+ PC UX5406SA-PV387X,"https://www.ldlc.com/fiche/PB00670165.html"">"
ASUS Zenbook S 14 OLED Copilot+ PC UX5406SA-PZ434W,"https://www.ldlc.com/fiche/PB00678195.html"">"
ASUS Zenbook S 16 OLED UM5606KA-RK002W,"https://www.ldlc.com/fiche/PB00663748.html"">"
ASUS Zenbook S 16 OLED UM5606WA-RJ390W,"https://www.ldlc.com/fiche/PB00691285.html"">"
ASUS Zenbook S 16 OLED UM5606WA-RK084X,"https://www.ldlc.com/fiche/PB00627246.html"">"
ASUS TUF Gaming A17 TUF707NVR-HX020,"https://www.ldlc.com/fiche/PB00696329.html"">"
ASUS ExpertBook P3 P3605CVA-MB0017X,"https://www.ldlc.com/fiche/PB00683708.html"">"
ASUS ProArt P16 OLED H7606WM-ME024W,"https://www.ldlc.com/fiche/PB00691387.html"">"
ASUS ProArt P16 OLED H7606WM-SC054W,"https://www.ldlc.com/fiche/PB00686965.html"">"
ASUS ROG Zephyrus G14 GA403WM-QS047X,"https://www.ldlc.com/fiche/PB00691202.html"">"
ASUS Vivobook 15 X1504VA-BQ2998,"https://www.ldlc.com/fiche/PB00691391.html"">"
ASUS VivoBook Go 14 E1404GA-EB454W,"https://www.ldlc.com/fiche/PB00691364.html"">"
ASUS Zenbook 14 OLED UM3406KA-QD172W,"https://www.ldlc.com/fiche/PB00691366.html"">"
ASUS Zenbook 14 OLED UX3405CA-PP285X,"https://www.ldlc.com/fiche/PB00657940.html"">"
ASUS ExpertBook R11 BR1100FKA-BP1874XA,"https://www.ldlc.com/fiche/PB00672609.html"">"
ASUS P1704VA-AU766X,"https://www.ldlc.com/fiche/PB00689151.html"">"
ASUS ProArt StudioBook Pro 16 W7604J3D-MY012X,"https://www.ldlc.com/fiche/PB00570529.html"">"
ASUS ROG Flow Z13 GZ301VF-MU007W,"https://www.ldlc.com/fiche/PB00588321.html"">"
ASUS ROG STRIX SCAR 16 G635LX-RW114W,"https://www.ldlc.com/fiche/PB00669242.html"">"
ASUS ROG Zephyrus G14 GA403WR-DR3W,"https://www.ldlc.com/fiche/PB00674411.html"">"
ASUS ROG Zephyrus G16 GU605CW-DR7W,"https://www.ldlc.com/fiche/PB00686907.html"">"
ASUS TUF Gaming A18 808UP-S9041W,"https://www.ldlc.com/fiche/PB00683695.html"">"
ASUS Vivobook 15 S1504ZA-NJ1815W,"https://www.ldlc.com/fiche/PB00660916.html"">"
ASUS Vivobook 15 X1504VA-BQ2888W,"https://www.ldlc.com/fiche/PB00691369.html"">"
ASUS Vivobook 15 X1504VA-BQ3089,"https://www.ldlc.com/fiche/PB00691395.html"">"
ASUS Vivobook S 15 OLED Copilot+ PC S5507QA-MA038X,"https://www.ldlc.com/fiche/PB00657731.html"">"
ASUS Vivobook S 15 OLED Copilot+ PC S5507QA-MA064X,"https://www.ldlc.com/fiche/PB00627415.html"">"
Dell Latitude 3550-193,"https://www.ldlc.com/fiche/PB00663729.html"">"
Dell Pro 14 PC14250-406,"https://www.ldlc.com/fiche/PB00690416.html"">"
AORUS ELITE 16 BWHC3FRC65SP,"https://www.ldlc.com/fiche/PB00692507.html"">"
AORUS MASTER 16 BXHC4FRE64SP,"https://www.ldlc.com/fiche/PB00681127.html"">"
AORUS MASTER 16 BYHC5FRE65SP,"https://www.ldlc.com/fiche/PB00672624.html"">"
AORUS MASTER 16 BZHC6FRE65SP,"https://www.ldlc.com/fiche/PB00672618.html"">"
AORUS MASTER 18 BZHC6FRD45SP,"https://www.ldlc.com/fiche/PB00672660.html"">"
GIGABYTE AERO X16 1VH93FRC64AH Copilot+ PC,"https://www.ldlc.com/fiche/PB00686484.html"">"
GIGABYTE AERO X16 1WH93FRC64AH Copilot+ PC,"https://www.ldlc.com/fiche/PB00684437.html"">"
GIGABYTE AERO X16 1WH93FRC94AH Copilot+ PC,"https://www.ldlc.com/fiche/PB00692206.html"">"
GIGABYTE AERO X16 2WHA3FRC64AP Copilot+ PC,"https://www.ldlc.com/fiche/PB00689658.html"">"
GIGABYTE G6 KF-H3FR854KH,"https://www.ldlc.com/fiche/PB00608110.html"">"
GIGABYTE G6 MF-H2FR854KH,"https://www.ldlc.com/fiche/PB00651799.html"">"
GIGABYTE GAMING A16 CTHI3FR894SH,"https://www.ldlc.com/fiche/PB00692506.html"">"
GIGABYTE GAMING A16 CVHI3FR864SH,"https://www.ldlc.com/fiche/PB00690494.html"">"
GIGABYTE GAMING A16 CVHI3FR894SH,"https://www.ldlc.com/fiche/PB00690492.html"">"
GIGABYTE GAMING A16 CWHI3FR864SH,"https://www.ldlc.com/fiche/PB00690493.html"">"
HP 250 G10 (AK9Y8AT),"https://www.ldlc.com/fiche/PB00677821.html"">"
HP 250 G10 (AK9Y9AT),"https://www.ldlc.com/fiche/PB00677822.html"">"
HP 250 G10 (AK9Z0AT),"https://www.ldlc.com/fiche/PB00689153.html"">"
HP 250 G10 (AK9Z2AT),"https://www.ldlc.com/fiche/PB00691289.html"">"
HP 250 G9 (6S7Q3EA),"https://www.ldlc.com/fiche/PB00553470.html"">"
HP 250 G9 (9B9J5EA),"https://www.ldlc.com/fiche/PB00650835.html"">"
HP 250R G9 (A23G5EA),"https://www.ldlc.com/fiche/PB00651504.html"">"
HP 250R G9 (A23GBEA),"https://www.ldlc.com/fiche/PB00647613.html"">"
HP EliteBook 1040 G11 (9G0G9ET),"https://www.ldlc.com/fiche/PB00664314.html"">"
HP EliteBook 840 G11 (970T5ET),"https://www.ldlc.com/fiche/PB00664318.html"">"
HP EliteBook 840 G11 (970T7ET),"https://www.ldlc.com/fiche/PB00664316.html"">"
HP EliteBook 840 G11 (970W2ET),"https://www.ldlc.com/fiche/PB00665054.html"">"
HP Laptop 15-fc0114nf,"https://www.ldlc.com/fiche/PB00689590.html"">"
HP Laptop 15-fd0117nf,"https://www.ldlc.com/fiche/PB00690964.html"">"
HP Laptop 15s-eq2107nf,"https://www.ldlc.com/fiche/PB00630316.html"">"
HP Laptop 17-cn2141nf,"https://www.ldlc.com/fiche/PB00685443.html"">"
HP Laptop 17-cn3020nf,"https://www.ldlc.com/fiche/PB00686940.html"">"
HP Laptop 17-cn3021nf,"https://www.ldlc.com/fiche/PB00686679.html"">"
HP Laptop 17-cn3026nf,"https://www.ldlc.com/fiche/PB00686945.html"">"
HP Laptop 17-cp0018nf,"https://www.ldlc.com/fiche/PB00685449.html"">"
HP OMEN Transcend Laptop 16-u0006nf + Casque sans fil HyperX Cloud II Core,"https://www.ldlc.com/fiche/PB00666483.html"">"
HP OMEN Transcend Laptop 16-u0014nf,"https://www.ldlc.com/fiche/PB00666491.html"">"
HP OmniBook 3 14-ha0010nf Copilot+ PC,"https://www.ldlc.com/fiche/PB00691262.html"">"
HP OmniBook 3 14-ha0011nf Copilot+ PC,"https://www.ldlc.com/fiche/PB00691494.html"">"
HP OmniBook X Flip 14-fm0002nf Copilot+ PC (BH7Z4EA),"https://www.ldlc.com/fiche/PB00691264.html"">"
HP OmniBook X Flip 14-fm0003nf Copilot+ PC (BH7Z5EA),"https://www.ldlc.com/fiche/PB00690978.html"">"
HP Pavilion Laptop 15-eg2017nf,"https://www.ldlc.com/fiche/PB00668341.html"">"
HP ProBook 440 G11 (9Y7F1ET),"https://www.ldlc.com/fiche/PB00666788.html"">"
HP ProBook 440 G11 (9Y7F2ET),"https://www.ldlc.com/fiche/PB00666789.html"">"
HP ProBook 440 G11 (9Y7F3ET),"https://www.ldlc.com/fiche/PB00665049.html"">"
HP ProBook 460 G11 (9Y7E5ET),"https://www.ldlc.com/fiche/PB00622583.html"">"
HP ProBook 460 G11 (9Y7E6ET),"https://www.ldlc.com/fiche/PB00622584.html"">"
HP ProBook 460 G11 (9Y7E7ET),"https://www.ldlc.com/fiche/PB00665032.html"">"
HP ProBook 460 G11 (A23H6EA),"https://www.ldlc.com/fiche/PB00665046.html"">"
HP ZBook Fury 16 G11 (98K23ET),"https://www.ldlc.com/fiche/PB00649690.html"">"
HP Elite x360 1040 G11 (9G0G6ET),"https://www.ldlc.com/fiche/PB00633330.html"">"
HP EliteBook Ultra G1i (B66THAT),"https://www.ldlc.com/fiche/PB00677445.html"">"
HP ProBook 4 G1i AI PC (B9YS0ET),"https://www.ldlc.com/fiche/PB00691538.html"">"
HP ProBook 450 G10 (AL0F5AT),"https://www.ldlc.com/fiche/PB00672680.html"">"
HP 250 G10 (AK9Y5AT),"https://www.ldlc.com/fiche/PB00648583.html"">"
HP ProBook 460 G11 (AD1Y3ET),"https://www.ldlc.com/fiche/PB00677595.html"">"
Lenovo IdeaPad 1 15ALC7 (82R4007BFR),"https://www.ldlc.com/fiche/PB00648551.html"">"
Lenovo IdeaPad 1 15IAU7 (82QD00HAFR),"https://www.ldlc.com/fiche/PB00628358.html"">"
Lenovo IdeaPad 3 17ALC6 (82KV00L0FR),"https://www.ldlc.com/fiche/PB00675825.html"">"
Lenovo IdeaPad 3 17IAU7 (82RL00ADFR),"https://www.ldlc.com/fiche/PB00582262.html"">"
Lenovo IdeaPad 3 17IAU7 (82RL00AEFR),"https://www.ldlc.com/fiche/PB00582348.html"">"
Lenovo IdeaPad Slim 3 15IRU8 (82X700G8FR),"https://www.ldlc.com/fiche/PB00696299.html"">"
Lenovo IdeaPad Slim 3 15IRU9 (83E6002HFR),"https://www.ldlc.com/fiche/PB00628279.html"">"
Lenovo IdeaPad Slim 3 16ABR8 (82XR00CEFR),"https://www.ldlc.com/fiche/PB00696309.html"">"
Lenovo IdeaPad Slim 3 16IRH10 (83K2004BFR),"https://www.ldlc.com/fiche/PB00678177.html"">"
Lenovo IdeaPad Slim 5 14IRH10 (83HR006FFR),"https://www.ldlc.com/fiche/PB00678172.html"">"
Lenovo IdeaPad Slim 5 14IRL8 (82XD0045FR),"https://www.ldlc.com/fiche/PB00565374.html"">"
Lenovo IdeaPad Slim 5 14IRL8 (82XD00B4FR),"https://www.ldlc.com/fiche/PB00650847.html"">"
Lenovo IdeaPad Slim 5 15ARP10 (83J3001RFR),"https://www.ldlc.com/fiche/PB00665608.html"">"
Lenovo IdeaPad Slim 5 16AHP9 (83DD003WFR),"https://www.ldlc.com/fiche/PB00631752.html"">"
Lenovo Legion Pro 7 16IAX10H (83F50064FR),"https://www.ldlc.com/fiche/PB00696311.html"">"
Lenovo Legion Pro 7 16IAX10H (83F500D2FR),"https://www.ldlc.com/fiche/PB00696310.html"">"
Lenovo LOQ 15AHP10 (83JG0012FR),"https://www.ldlc.com/fiche/PB00691203.html"">"
Lenovo LOQ 15IAX9E (83LK005DFR),"https://www.ldlc.com/fiche/PB00663186.html"">"
Lenovo LOQ 15IRH8 (82XV0107FR),"https://www.ldlc.com/fiche/PB00654474.html"">"
Lenovo LOQ 15IRX10 (83JE002PFR),"https://www.ldlc.com/fiche/PB00696143.html"">"
Lenovo LOQ 15IRX10 (83JE00GKFR),"https://www.ldlc.com/fiche/PB00696140.html"">"
Lenovo ThinkBook 14 2-en-1 G4 IML (21MX0012FR),"https://www.ldlc.com/fiche/PB00615663.html"">"
Lenovo ThinkBook 14 G6 ABP (21KJ008MFR),"https://www.ldlc.com/fiche/PB00642185.html"">"
Lenovo ThinkBook 14 G6 IRL (21KG00SGFR),"https://www.ldlc.com/fiche/PB00668634.html"">"
Lenovo ThinkBook 14 G7 ARP (21MV001HFR),"https://www.ldlc.com/fiche/PB00685452.html"">"
Lenovo ThinkBook 14 G7 ARP (21MV0020FR),"https://www.ldlc.com/fiche/PB00642186.html"">"
Lenovo ThinkBook 14 G7 IML (21MR0049FR),"https://www.ldlc.com/fiche/PB00622972.html"">"
Lenovo ThinkBook 14 G7 IML (21MR004CFR),"https://www.ldlc.com/fiche/PB00622971.html"">"
Lenovo ThinkBook 14 G7 IML (21MR004TFR),"https://www.ldlc.com/fiche/PB00622257.html"">"
Lenovo ThinkBook 14 G8 IAL (21SJ006QFR),"https://www.ldlc.com/fiche/PB00683998.html"">"
Lenovo ThinkBook 14 G8 IAL (21SJ007NFR),"https://www.ldlc.com/fiche/PB00683999.html"">"
Lenovo ThinkBook 14 G8 IRL (21SG008CFR),"https://www.ldlc.com/fiche/PB00683997.html"">"
Lenovo ThinkBook 16 G6 ABP (21KK007TFR),"https://www.ldlc.com/fiche/PB00643544.html"">"
Lenovo ThinkBook 16 G6 IRL (21KH00QYFR),"https://www.ldlc.com/fiche/PB00683995.html"">"
Lenovo ThinkBook 16 G7 ARP (21MW0010FR),"https://www.ldlc.com/fiche/PB00643927.html"">"
Lenovo ThinkBook 16 G7 QOY Copilot+ PC (21NH0005FR),"https://www.ldlc.com/fiche/PB00669537.html"">"
Lenovo ThinkBook 16 G7 QOY Copilot+ PC (21NH000EFR),"https://www.ldlc.com/fiche/PB00669225.html"">"
Lenovo ThinkBook 16 G8 IAL (21SK006QFR),"https://www.ldlc.com/fiche/PB00683996.html"">"
Lenovo ThinkBook 16 G8 IAL (21SK007BFR),"https://www.ldlc.com/fiche/PB00684001.html"">"
Lenovo ThinkBook 16 G8 IRL (21SH008MFR),"https://www.ldlc.com/fiche/PB00684000.html"">"
Lenovo ThinkPad E14 Gen 5 (21JR000AFR),"https://www.ldlc.com/fiche/PB00583044.html"">"
Lenovo ThinkPad E14 Gen 6 (21M3002BFR),"https://www.ldlc.com/fiche/PB00644073.html"">"
Lenovo ThinkPad E14 Gen 6 (21M3002SFR),"https://www.ldlc.com/fiche/PB00642184.html"">"
Lenovo ThinkPad E14 Gen 6 (21M7002NFR),"https://www.ldlc.com/fiche/PB00651951.html"">"
Lenovo ThinkPad E14 Gen 6 (21M7002XFR),"https://www.ldlc.com/fiche/PB00652422.html"">"
Lenovo ThinkPad E16 Gen 2 (21M5002GFR),"https://www.ldlc.com/fiche/PB00657929.html"">"
Lenovo ThinkPad E16 Gen 2 (21MA002NFR),"https://www.ldlc.com/fiche/PB00630485.html"">"
Lenovo ThinkPad L13 2-en-1 Gen 5 (21LM001GFR),"https://www.ldlc.com/fiche/PB00642008.html"">"
Lenovo ThinkPad L13 Gen 5 (21LB0016FR),"https://www.ldlc.com/fiche/PB00627413.html"">"
Lenovo ThinkPad L13 Gen 5 (21LB001EFR),"https://www.ldlc.com/fiche/PB00627423.html"">"
Lenovo ThinkPad L16 Gen 1 (21L3002KFR),"https://www.ldlc.com/fiche/PB00649741.html"">"
Lenovo ThinkPad P1 Gen 6 (21FV000UFR),"https://www.ldlc.com/fiche/PB00573832.html"">"
Lenovo ThinkPad P14s Gen 4 (21K5000EFR),"https://www.ldlc.com/fiche/PB00623044.html"">"
Lenovo ThinkPad P14s Gen 5 (21G20003FR),"https://www.ldlc.com/fiche/PB00664275.html"">"
Lenovo ThinkPad P14s Gen 5 (21G20009FR),"https://www.ldlc.com/fiche/PB00650339.html"">"
Lenovo ThinkPad P14s Gen 5 (21ME0004FR),"https://www.ldlc.com/fiche/PB00663731.html"">"
Lenovo ThinkPad P14s Gen 5 (21ME0005FR),"https://www.ldlc.com/fiche/PB00659175.html"">"
Lenovo ThinkPad P14s Gen 5 (21ME000QFR),"https://www.ldlc.com/fiche/PB00668363.html"">"
Lenovo ThinkPad P14s Gen 6 (21QL003QFR),"https://www.ldlc.com/fiche/PB00690097.html"">"
Lenovo ThinkPad P16 Gen 2 (21FA000GFR),"https://www.ldlc.com/fiche/PB00579468.html"">"
Lenovo ThinkPad P16 Gen 2 (21FA000RFR),"https://www.ldlc.com/fiche/PB00579102.html"">"
Lenovo ThinkPad P16 Gen 2 (21FA000TFR),"https://www.ldlc.com/fiche/PB00623219.html"">"
Lenovo ThinkPad P16 Gen 2 (21FA000WFR),"https://www.ldlc.com/fiche/PB00573829.html"">"
Lenovo ThinkPad P16 Gen 2 (21FA004MFR),"https://www.ldlc.com/fiche/PB00644091.html"">"
Lenovo ThinkPad P16s Gen 3 (21KS000AFR),"https://www.ldlc.com/fiche/PB00631793.html"">"
Lenovo ThinkPad P16s Gen 3 (21KS000RFR),"https://www.ldlc.com/fiche/PB00627346.html"">"
Lenovo ThinkPad P16s Gen 4 (21QR0033FR),"https://www.ldlc.com/fiche/PB00689663.html"">"
Lenovo ThinkPad P16v Gen 1 (21FE0003FR),"https://www.ldlc.com/fiche/PB00579086.html"">"
Lenovo ThinkPad P16v Gen 1 (21FE000LFR),"https://www.ldlc.com/fiche/PB00653044.html"">"
Lenovo ThinkPad P16v Gen 2 (21KX000JFR),"https://www.ldlc.com/fiche/PB00676820.html"">"
Lenovo ThinkPad P16v Gen 2 (21KX000LFR),"https://www.ldlc.com/fiche/PB00663197.html"">"
Lenovo ThinkPad P16v Gen 2 (21KX000UFR),"https://www.ldlc.com/fiche/PB00632010.html"">"
Lenovo ThinkPad P16v Gen 2 (21KX001AFR),"https://www.ldlc.com/fiche/PB00666756.html"">"
Lenovo ThinkPad T14 Gen 5 (21ML0023FR),"https://www.ldlc.com/fiche/PB00663194.html"">"
Lenovo ThinkPad T14 Gen 5 (21ML0034FR),"https://www.ldlc.com/fiche/PB00663195.html"">"
Lenovo ThinkPad T14s Gen 4 (21F6002KFR),"https://www.ldlc.com/fiche/PB00593318.html"">"
Lenovo ThinkPad T14s Gen 4 (21F80036FR),"https://www.ldlc.com/fiche/PB00684012.html"">"
Lenovo ThinkPad T14s Gen 5 (21LS001HFR),"https://www.ldlc.com/fiche/PB00653022.html"">"
Lenovo ThinkPad T14s Gen 5 (21LS0028FR),"https://www.ldlc.com/fiche/PB00653026.html"">"
Lenovo ThinkPad T14s Gen 5 (21LS0066FR),"https://www.ldlc.com/fiche/PB00684010.html"">"
Lenovo ThinkPad T14s Gen 6 Copilot+ PC (21M1000CFR),"https://www.ldlc.com/fiche/PB00684013.html"">"
Lenovo ThinkPad T14s Gen 6 Copilot+ PC (21N1001AFR),"https://www.ldlc.com/fiche/PB00629375.html"">"
Lenovo ThinkPad T16 Gen 3 (21MN004EFR),"https://www.ldlc.com/fiche/PB00650144.html"">"
Lenovo ThinkPad T16 Gen 3 (21MN008EFR),"https://www.ldlc.com/fiche/PB00642175.html"">"
Lenovo ThinkPad X1 2-en-1 Gen 9 (21KE002BFR),"https://www.ldlc.com/fiche/PB00630268.html"">"
Lenovo ThinkPad X1 2-en-1 Gen 9 (21KE0061FR),"https://www.ldlc.com/fiche/PB00630756.html"">"
Lenovo ThinkPad X1 Carbon Gen 12 (21KC005BFR),"https://www.ldlc.com/fiche/PB00613035.html"">"
Lenovo ThinkPad X1 Carbon Gen 12 (21KC005GFR),"https://www.ldlc.com/fiche/PB00613036.html"">"
Lenovo ThinkPad X1 Carbon Gen 12 (21KC006GFR),"https://www.ldlc.com/fiche/PB00613038.html"">"
Lenovo ThinkPad X1 Carbon Gen 13 (21NS000YFR),"https://www.ldlc.com/fiche/PB00662763.html"">"
Lenovo ThinkPad X12 Detachable Gen 2 (21LK001KFR),"https://www.ldlc.com/fiche/PB00668603.html"">"
Lenovo ThinkPad X13 2-en-1 Gen 5 (21LW001HFR),"https://www.ldlc.com/fiche/PB00621657.html"">"
Lenovo ThinkPad X13 2-en-1 Gen 5 (21LW001JFR),"https://www.ldlc.com/fiche/PB00621655.html"">"
Lenovo ThinkPad X13 Gen 5 (21LU0019FR),"https://www.ldlc.com/fiche/PB00627398.html"">"
Lenovo ThinkPad X13 Gen 5 (21LU001GFR),"https://www.ldlc.com/fiche/PB00627400.html"">"
Lenovo ThinkPad X9-14 Gen 1 (21QA0017FR),"https://www.ldlc.com/fiche/PB00673741.html"">"
Lenovo ThinkPad X9-14 Gen 1 (21QA002LFR),"https://www.ldlc.com/fiche/PB00689187.html"">"
Lenovo ThinkPad X9-15 Gen 1 (21Q6001HFR),"https://www.ldlc.com/fiche/PB00666538.html"">"
Lenovo ThinkPad X9-15 Gen 1 (21Q60022FR),"https://www.ldlc.com/fiche/PB00668586.html"">"
Lenovo V14 G4 IAN (82YV0014FR),"https://www.ldlc.com/fiche/PB00665099.html"">"
Lenovo V15 G2 IJL (82QY00QDFR),"https://www.ldlc.com/fiche/PB00632683.html"">"
Lenovo V15 G4 AMN (82YU00GWFR),"https://www.ldlc.com/fiche/PB00610150.html"">"
Lenovo V15 G4 AMN (82YU00TWFR),"https://www.ldlc.com/fiche/PB00627247.html"">"
Lenovo V15 G4 AMN (82YU00U8FR),"https://www.ldlc.com/fiche/PB00650343.html"">"
Lenovo V15 G4 IRU (83A100AMFR),"https://www.ldlc.com/fiche/PB00621953.html"">"
Lenovo V15 G4 IRU (83A100J5FR),"https://www.ldlc.com/fiche/PB00632681.html"">"
Lenovo Yoga 9 14IMH9 (83AC0007FR),"https://www.ldlc.com/fiche/PB00594582.html"">"
Lenovo Yoga 9 2-en-1 14ILL10 Copilot+ PC (83LC0041FR),"https://www.ldlc.com/fiche/PB00675677.html"">"
Lenovo Yoga Book 9 14IAH10 (83KJ000YFR),"https://www.ldlc.com/fiche/PB00677594.html"">"
Lenovo Yoga Pro 7 14ASP9 (83HN002NFR),"https://www.ldlc.com/fiche/PB00663201.html"">"
Lenovo Yoga Slim 7 14AKP10 (83JY002CFR),"https://www.ldlc.com/fiche/PB00686912.html"">"
Lenovo Yoga Slim 7 14IMH9 (83CV0051FR),"https://www.ldlc.com/fiche/PB00684151.html"">"
Lenovo Yoga Slim 7 14IMH9 (83CV005QFR),"https://www.ldlc.com/fiche/PB00628392.html"">"
Lenovo Yoga Slim 7 15ILL9 (83HM0051FR),"https://www.ldlc.com/fiche/PB00663189.html"">"
Lenovo Yoga Slim 7 Gen 9 14Q8X9 (83ED000MFR),"https://www.ldlc.com/fiche/PB00623068.html"">"
Lenovo Yoga Slim 7 Gen 9 14Q8X9 (83ED0062FR),"https://www.ldlc.com/fiche/PB00662415.html"">"
Lenovo Yoga Slim 7 Gen 9 14Q8X9 (83ED0063FR),"https://www.ldlc.com/fiche/PB00662414.html"">"
Lenovo Yoga Slim 9 14ILL10 (83CX002BFR),"https://www.ldlc.com/fiche/PB00696315.html"">"
Lenovo IdeaPad 1 15ALC7 (82R400NAFR),"https://www.ldlc.com/fiche/PB00696230.html"">"
Lenovo ThinkBook 14 G8 IAL (21SJ007YFR),"https://www.ldlc.com/fiche/PB00686886.html"">"
Lenovo ThinkPad E16 Gen 2 (21MA000HFR),"https://www.ldlc.com/fiche/PB00649724.html"">"
Lenovo ThinkPad L13 2-en-1 Gen 5 (21LM001TFR),"https://www.ldlc.com/fiche/PB00641998.html"">"
Lenovo ThinkPad L16 Gen 2 (21SA0016FR),"https://www.ldlc.com/fiche/PB00695247.html"">"
Lenovo ThinkPad P16v Gen 2 (21KX000XFR),"https://www.ldlc.com/fiche/PB00668359.html"">"
Lenovo ThinkPad T14s Gen 4 (21F80009FR),"https://www.ldlc.com/fiche/PB00668602.html"">"
Lenovo ThinkPad T14s Gen 6 Copilot+ PC (21N1000EFR),"https://www.ldlc.com/fiche/PB00629380.html"">"
Lenovo ThinkPad T16 Gen 2 (21K7000LFR),"https://www.ldlc.com/fiche/PB00606461.html"">"
Lenovo ThinkPad X1 2-en-1 Gen 9 (21KE0030FR),"https://www.ldlc.com/fiche/PB00624395.html"">"
Lenovo ThinkPad X12 Detachable Gen 2 (21LK001LFR),"https://www.ldlc.com/fiche/PB00662482.html"">"
Lenovo ThinkPad X9-14 Gen 1 (21QA002GFR),"https://www.ldlc.com/fiche/PB00691609.html"">"
Lenovo V15 G4 IRU (83A1008FFR),"https://www.ldlc.com/fiche/PB00630330.html"">"
Lenovo IdeaPad Slim 3 16IRH10 (83K2004AFR),"https://www.ldlc.com/fiche/PB00678181.html"">"
Lenovo ThinkBook 14 2-en-1 G4 IML (21MX000TFR),"https://www.ldlc.com/fiche/PB00615662.html"">"
Lenovo ThinkBook 14 2-en-1 G4 IML (21MX001GFR),"https://www.ldlc.com/fiche/PB00615661.html"">"
Lenovo ThinkBook 16 G7 IML (21MS004NFR),"https://www.ldlc.com/fiche/PB00617017.html"">"
Lenovo ThinkBook 16 G8 IAL (21SK007KFR),"https://www.ldlc.com/fiche/PB00684011.html"">"
Lenovo ThinkBook 16p G5 IRX (21N50011FR),"https://www.ldlc.com/fiche/PB00669849.html"">"
Lenovo ThinkBook 16p G5 IRX (21N50016FR),"https://www.ldlc.com/fiche/PB00622255.html"">"
Lenovo ThinkBook 16p G5 IRX (21N5001AFR),"https://www.ldlc.com/fiche/PB00672485.html"">"
Lenovo ThinkBook Plus Gen 6 Rollable (21TR0000FR),"https://www.ldlc.com/fiche/PB00690166.html"">"
Lenovo ThinkPad E16 Gen 2 (21MA001YFR),"https://www.ldlc.com/fiche/PB00630482.html"">"
Lenovo ThinkPad P1 Gen 7 (21KV0029FR),"https://www.ldlc.com/fiche/PB00676229.html"">"
Lenovo ThinkPad T16 Gen 2 (21K7002KFR),"https://www.ldlc.com/fiche/PB00644072.html"">"
Lenovo ThinkPad T16 Gen 3 (21MN003EFR),"https://www.ldlc.com/fiche/PB00642176.html"">"
Microsoft Surface Go 4 for Business - 8 Go 64 Go,"https://www.ldlc.com/fiche/PB00579801.html"">"
Microsoft Surface Laptop 13 pouces Copilot+ PC - Platine (EP2-31647),"https://www.ldlc.com/fiche/PB00684517.html"">"
Microsoft Surface Laptop 13 pouces Copilot+ PC - Platine (EP2-37029),"https://www.ldlc.com/fiche/PB00684471.html"">"
"Microsoft Surface Laptop 6 13.5"" for Business - Platine (ZJN-00007)","https://www.ldlc.com/fiche/PB00613757.html"">"
"Microsoft Surface Laptop Copilot+ PC 7ème Edition 13.8"" - Platine (ZGM-00007)","https://www.ldlc.com/fiche/PB00616718.html"">"
"Microsoft Surface Laptop Copilot+ PC 7ème Edition 13.8"" - Platine (ZGP-00007)","https://www.ldlc.com/fiche/PB00616722.html"">"
"Microsoft Surface Laptop Copilot+ PC 7ème Edition 13.8"" for Business - Noir (EP2-22150)","https://www.ldlc.com/fiche/PB00691205.html"">"
"Microsoft Surface Laptop Copilot+ PC 7ème Edition 13.8"" for Business - Platine (EP2-20961)","https://www.ldlc.com/fiche/PB00691206.html"">"
"Microsoft Surface Laptop Copilot+ PC 7ème Edition 15"" - Platine (ZHG-00007)","https://www.ldlc.com/fiche/PB00616727.html"">"
"Microsoft Surface Laptop Go 3 12.4"" - Platine (XKQ-00021)","https://www.ldlc.com/fiche/PB00589685.html"">"
Microsoft Surface Pro 10 for Business - Platine (ZDV-00004),"https://www.ldlc.com/fiche/PB00622839.html"">"
Microsoft Surface Pro 10 for Business - Platine (ZDW-00004),"https://www.ldlc.com/fiche/PB00610705.html"">"
Microsoft Surface Pro 12 pouces Copilot+ PC - Platine (EP2-27644),"https://www.ldlc.com/fiche/PB00684801.html"">"
Microsoft Surface Pro 12 pouces Copilot+ PC - Platine (EP2-27660),"https://www.ldlc.com/fiche/PB00684830.html"">"
Microsoft Surface Pro Copilot+ PC 11ème Edition  - Platine (ZHY-00004),"https://www.ldlc.com/fiche/PB00616749.html"">"
Microsoft Surface Pro Copilot+ PC 11ème Edition 5G - Platine (EP2-08261),"https://www.ldlc.com/fiche/PB00655468.html"">"
Microsoft Surface Pro Copilot+ PC 11ème Edition OLED - Platine (ZIA-00004),"https://www.ldlc.com/fiche/PB00616751.html"">"
Microsoft Surface Pro Copilot+ PC 11ème Edition OLED 5G - Platine (EP2-08256),"https://www.ldlc.com/fiche/PB00655469.html"">"
Microsoft Surface Pro Copilot+ PC 11ème Edition OLED for Business - Platine (EP2-20112),"https://www.ldlc.com/fiche/PB00671875.html"">"
Microsoft Surface Pro Copilot+ PC 11ème Edition OLED for Business - Platine (EP2-20214),"https://www.ldlc.com/fiche/PB00671757.html"">"
Microsoft Surface Pro Copilot+ PC 11ème for Business - Platine (EP2-20146),"https://www.ldlc.com/fiche/PB00689155.html"">"
"Microsoft Surface Laptop Copilot+ PC 7ème Edition 13.8"" for Business - Noir (EP2-22275)","https://www.ldlc.com/fiche/PB00691207.html"">"
"Microsoft Surface Laptop Copilot+ PC 7ème Edition 15"" for Business - Platine (EP2-21311)","https://www.ldlc.com/fiche/PB00691208.html"">"
Microsoft Surface Pro 10 for Business - Noir (ZDW-00022),"https://www.ldlc.com/fiche/PB00669831.html"">"
Microsoft Surface Pro 10 for Business - Platine (Y6B-00004),"https://www.ldlc.com/fiche/PB00648621.html"">"
Microsoft Surface Pro Copilot+ PC 11ème Edition OLED for Business - Platine (EP2-20248),"https://www.ldlc.com/fiche/PB00689157.html"">"
"Microsoft Surface Laptop Copilot+ PC 7ème Edition 15"" - Platine (ZHH-00007)","https://www.ldlc.com/fiche/PB00616730.html"">"
Microsoft Surface Pro Copilot+ PC 11ème Edition - Platine (ZHX-00004),"https://www.ldlc.com/fiche/PB00616748.html"">"
Miraxess MiraBook,"https://www.ldlc.com/fiche/PB00545432.html"">"
MSI Creator M16 HX C14VFG-011FR,"https://www.ldlc.com/fiche/PB00603035.html"">"
MSI CreatorPro 16 AI Studio A1VJG-097FR,"https://www.ldlc.com/fiche/PB00624407.html"">"
MSI CreatorPro Z16 HX Studio B13VJTO-031FR,"https://www.ldlc.com/fiche/PB00548259.html"">"
MSI CreatorPro Z17 HX Studio A13VJT-018FR,"https://www.ldlc.com/fiche/PB00552952.html"">"
MSI Crosshair 17 HX AI D2XWGKG-001FR,"https://www.ldlc.com/fiche/PB00684153.html"">"
MSI Crosshair 18 HX AI A2XWGKG-001FR Dragon Station,"https://www.ldlc.com/fiche/PB00684144.html"">"
MSI Cyborg 14 A13UDX-004FR,"https://www.ldlc.com/fiche/PB00593202.html"">"
MSI Cyborg 14 A13VF-002FR,"https://www.ldlc.com/fiche/PB00684412.html"">"
MSI Katana 15 B13VEK-1695FR Dragon Station,"https://www.ldlc.com/fiche/PB00589160.html"">"
MSI Katana 15 B13VFK-1688FR Dragon Station,"https://www.ldlc.com/fiche/PB00589153.html"">"
MSI Katana 15 HX B14WFK-007FR Dragon Station,"https://www.ldlc.com/fiche/PB00689217.html"">"
MSI Katana 15 HX B14WFK-008FR,"https://www.ldlc.com/fiche/PB00689594.html"">"
MSI Katana 15 HX B14WGK-006FR,"https://www.ldlc.com/fiche/PB00684133.html"">"
MSI Katana 17 B12VFK-1264FR,"https://www.ldlc.com/fiche/PB00664300.html"">"
MSI Katana 17 B12VFK-228XFR,"https://www.ldlc.com/fiche/PB00668322.html"">"
MSI Katana 17 B13UCXK-1203FR,"https://www.ldlc.com/fiche/PB00672704.html"">"
MSI Katana 17 B13UDXK-1233FR,"https://www.ldlc.com/fiche/PB00607399.html"">"
MSI Katana 17 B13VEK-1052FR Dragon Station,"https://www.ldlc.com/fiche/PB00589146.html"">"
MSI Katana 17 B13VFK-1042FR Dragon Station,"https://www.ldlc.com/fiche/PB00590155.html"">"
MSI Katana 17 B13VFK-1043FR,"https://www.ldlc.com/fiche/PB00592051.html"">"
MSI Katana 17 B13VFK-1283FR Dragon Extreme,"https://www.ldlc.com/fiche/PB00610596.html"">"
MSI Katana 17 B13VFK-661FR,"https://www.ldlc.com/fiche/PB00662149.html"">"
MSI Katana 17 HX B14WEK-008FR,"https://www.ldlc.com/fiche/PB00690404.html"">"
MSI Katana 17 HX B14WFK-006FR Dragon Station,"https://www.ldlc.com/fiche/PB00684872.html"">"
MSI Katana 17 HX B14WFK-007FR,"https://www.ldlc.com/fiche/PB00684877.html"">"
MSI Katana 17 HX B14WGK-005FR,"https://www.ldlc.com/fiche/PB00684124.html"">"
MSI Katana 17 HX B14WGK-009FR,"https://www.ldlc.com/fiche/PB00684136.html"">"
MSI Modern 13 F13MG-020FR,"https://www.ldlc.com/fiche/PB00664297.html"">"
MSI Modern 14 C12MO-1027FR,"https://www.ldlc.com/fiche/PB00587031.html"">"
MSI Modern 15 H AI C2HMG-258FR,"https://www.ldlc.com/fiche/PB00691195.html"">"
MSI Modern 15 H AI C2HMG-259FR,"https://www.ldlc.com/fiche/PB00691196.html"">"
MSI Prestige 13 AI Evo A1MG-063FR,"https://www.ldlc.com/fiche/PB00597102.html"">"
MSI Prestige 14 AI+ Evo C2VMG-002FR Copilot+ PC,"https://www.ldlc.com/fiche/PB00657199.html"">"
MSI Prestige 16 Studio A13VE-236XFR,"https://www.ldlc.com/fiche/PB00658987.html"">"
MSI Pulse 17 AI C1VFKG-009FR,"https://www.ldlc.com/fiche/PB00608129.html"">"
MSI Raider 18 HX AI A2XWJG-403FR,"https://www.ldlc.com/fiche/PB00674393.html"">"
MSI Raider A18 HX A7VIG-014FR,"https://www.ldlc.com/fiche/PB00629125.html"">"
MSI Raider A18 HX A9WIG-010FR,"https://www.ldlc.com/fiche/PB00668703.html"">"
MSI Raider A18 HX A9WJG-009FR,"https://www.ldlc.com/fiche/PB00668701.html"">"
MSI Stealth 14 AI Studio A1VEG-007FR,"https://www.ldlc.com/fiche/PB00676848.html"">"
MSI Stealth 16 AI A2HWGG-005FR,"https://www.ldlc.com/fiche/PB00684480.html"">"
MSI Stealth 16 AI Studio A1VIG-003FR,"https://www.ldlc.com/fiche/PB00606452.html"">"
MSI Stealth 18 AI Studio A1VIG-003FR,"https://www.ldlc.com/fiche/PB00613526.html"">"
MSI Stealth 18 HX AI A2XWHG-015FR,"https://www.ldlc.com/fiche/PB00668732.html"">"
MSI Stealth 18 HX AI A2XWJG-013FR,"https://www.ldlc.com/fiche/PB00668711.html"">"
MSI Stealth A16 AI+ A3HWGG-001FR Copilot+ PC,"https://www.ldlc.com/fiche/PB00689595.html"">"
MSI Stealth A16 AI+ A3XVGG-004FR Copilot+ PC,"https://www.ldlc.com/fiche/PB00657732.html"">"
MSI Stealth A18 AI+ A3XWHG-005FR,"https://www.ldlc.com/fiche/PB00674410.html"">"
MSI Summit 13 AI+ Evo A2VMTG-003FR,"https://www.ldlc.com/fiche/PB00633386.html"">"
MSI Summit A16 AI Evo A2HMTG-042FR,"https://www.ldlc.com/fiche/PB00691442.html"">"
MSI Summit A16 AI+ A3HMTG-005FR Copilot+ PC,"https://www.ldlc.com/fiche/PB00649737.html"">"
MSI Summit E13 AI Evo A1MTG-005FR,"https://www.ldlc.com/fiche/PB00603128.html"">"
MSI Summit E16 AI Studio A1VFTG-007FR,"https://www.ldlc.com/fiche/PB00592030.html"">"
MSI Thin 15 B12VE-1230FR,"https://www.ldlc.com/fiche/PB00628433.html"">"
MSI Thin 15 B13UC-3024FR,"https://www.ldlc.com/fiche/PB00681293.html"">"
